store_number;vendor_number;psp;address;city;state;postal;phone
10;610503;KURT F BOYD;8341 W FLAGLER ST;MIAMI;FL;33144;(305) 266-0713
24;610503;KURT F BOYD;10201 HAMMOCKS BLVD, STE 111;MIAMI;FL;33196;(305) 382-3002
44;610503;KURT F BOYD;7805 SW 40TH ST;MIAMI;FL;33155;(305) 266-1950
69;610503;KURT F BOYD;13820 SW 88TH ST;MIAMI;FL;33186;(305) 385-0200
204;610503;KURT F BOYD;11495 BIRD ROAD;MIAMI;FL;33165;(305) 221-8600
222;610503;KURT F BOYD;13890 SW 56TH ST;MIAMI;FL;33175;(305) 387-3100
223;610503;KURT F BOYD;14601 S DIXIE HWY;MIAMI;FL;33176;(305) 255-8005
238;610503;KURT F BOYD;14630 SW 26TH ST;MIAMI;FL;33175;(305) 223-0332
261;610503;KURT F BOYD;8250 MILLS DR;MIAMI;FL;33183;(305) 274-2420
293;610503;KURT F BOYD;13735 SW 152ND ST ;MIAMI;FL;33177;(305) 251-9889
327;610503;KURT F BOYD;13850 SW 8TH ST;MIAMI;FL;33184;(305) 221-1924
375;610503;KURT F BOYD;1525 SW 107TH AVE;MIAMI;FL;33174;(305) 552-8733
478;610503;KURT F BOYD;20711 S DIXIE HWY;MIAMI;FL;33189;(305) 256-3140