name;address;birthday;creditcard;phone;email
Benton, John B Jr;6649 N Blue Gum St;2091-12-19;371449635398431;504-845-1427;jbutt@gmail.com
Chanay, Jeffrey A Esq;4 B Blue Ridge Blvd;2031-09-25;371449635398431;810-374-9840;josephine_darakjy@darakjy.org
Chemel, James L Cpa;8 W Cerritos Ave #54;1921-12-09;3530111333300000;856-264-4130;art@venere.org
Feltz Printing Service;639 Main St;2172-06-02;30569309025904;907-921-2010;lpaprocki@hotmail.com
Printing Dimensions;34 Center St;2023-03-26;5555555555554444;513-549-4561;donette.foller@cox.net
Chapman, Ross E Esq;3 Mcauley Dr;2022-09-01;3530111333300000;419-800-6759;simona@morasca.com
Morlong Associates;7 Eads St;2065-12-31;5555555555554444;773-924-8565;mitsue_tollner@yahoo.com
Commercial Press;7 W Jackson Blvd;2160-05-26;6011111111111117;408-813-1105;leota@hotmail.com
Truhlar And Truhlar Attys;5 Boston Ave #88;2056-05-05;4111111111111111;605-794-4895;sage_wieser@cox.net
King, Christopher A Esq;228 Runamuck Pl #2808;1958-02-08;5555555555554444;410-804-4694;kris@gmail.com
Dorl, James J Esq;2371 Jerrold Ave;1953-03-25;6011111111111117;215-422-8694;minna_amigon@yahoo.com
Rangoni Of Florence;37275 St  Rt 17m M;1932-09-21;3530111333300000;631-677-3675;amaclead@gmail.com
Feiner Bros;25 E 75th St #69;2146-07-02;5555555555554444;310-254-3084;kiley.caldarera@aol.com
Buckley Miller & Wright;98 Connecticut Ave Nw;2020-07-11;6011111111111117;440-579-7763;gruta@cox.net
Rousseaux, Michael Esq;56 E Morehead St;2113-09-04;3530111333300000;956-841-7216;calbares@gmail.com
Century Communications;73 State Road 434 E;2132-10-02;371449635398431;602-953-6360;mattie@aol.com
Bolton, Wilbur Esq;69734 E Carrillo St;2001-08-07;6011111111111117;931-235-7959;meaghan@hotmail.com
T M Byxbee Company Pc;322 New Horizon Blvd;2045-09-02;5555555555554444;414-377-2880;gladys.rim@rim.org
Farmers Insurance Group;1 State Route 27;2031-11-28;3530111333300000;313-341-4470;yuki_whobrey@aol.com
Post Box Services Plus;394 Manchester Blvd;2067-04-22;3530111333300000;815-426-5657;fletcher.flosi@yahoo.com
Sport En Art;6 S 33rd St;1952-01-21;30569309025904;610-492-4643;bette_nicka@cox.net
C 4 Network Inc;6 Greenleaf Ave;2160-05-26;5555555555554444;408-813-4592;vinouye@aol.com
Ingalls, Donald R Esq;618 W Yakima Ave;2105-07-05;6011111111111117;972-896-4882;willard@hotmail.com
Franklin, Peter L Esq;74 S Westgate St;1933-05-30;30569309025904;518-448-8982;mroyster@royster.com
Wtlz Power 107 Fm;3273 State St;1924-03-20;5555555555554444;732-635-3453;alisha@slusarski.com
Ledecky, David Esq;1 Central Ave;2049-02-27;3530111333300000;715-530-9863;allene_iturbide@cox.net
Professional Image Inc;86 Nw 66th St #8673;2081-04-17;4111111111111111;913-899-1103;chanel.caudy@caudy.org
Sider, Donald C Esq;2 Cedar Ave #84;1959-02-20;30569309025904;410-235-8738;ezekiel@chui.com
U Pull It;90991 Thorburn Ave;1927-05-29;3530111333300000;212-934-5167;wkusko@yahoo.com
Clark, Richard Cpa;386 9th Ave N;2111-08-22;3530111333300000;936-597-3614;bfigeroa@aol.com
Moskowitz, Barry S;74874 Atlantic Ave;2018-04-25;30569309025904;614-648-3265;ammie@corrio.com
Cascade Realty Advisors Inc;366 South Dr;2140-12-17;30569309025904;505-335-5293;francine_vocelka@vocelka.com
Knwz Newsradio;45 E Liberty St;1920-12-20;4111111111111111;201-387-9093;ernie_stenseth@aol.com
Giampetro, Anthony D;4 Ralph Ct;1924-02-15;4111111111111111;732-782-6701;albina@glick.com
Milford Enterprises Inc;2742 Distribution Way;1927-06-12;30569309025904;212-753-2740;asergi@gmail.com
Mosocco, Ronald A;426 Wolf St;2091-08-27;4111111111111111;504-265-8174;solange@shinko.com
Tri State Refueler Co;128 Bransten Rd;1927-05-29;4111111111111111;212-569-4233;jose@yahoo.com
Parkway Company;17 Morena Blvd;2154-08-27;3530111333300000;805-609-1531;rozella.ostrosky@ostrosky.com
Fbs Business Finance;775 W 17th St;2114-02-10;30569309025904;210-300-6244;valentine_gillian@gmail.com
Eder Assocs Consltng Engrs Pc;6980 Dorsett Rd;2084-07-22;4111111111111111;785-219-7724;kati.rulapaugh@hotmail.com
Tri M Tool Inc;2881 Lewis Rd;2167-08-21;30569309025904;541-993-2611;youlanda@aol.com
International Eyelets Inc;7219 Woodfield Rd;2081-04-03;4111111111111111;913-645-8918;doldroyd@aol.com
Rapid Trading Intl;1048 Main St;2172-12-26;4111111111111111;907-335-6568;roxane@hotmail.com
Abc Enterprises Inc;678 3rd Ave;1990-11-19;6011111111111117;305-995-2078;lperin@perin.org
Cindy Turner Associates;20 S Babcock St;2172-12-30;4111111111111111;907-227-6777;erick.ferencz@aol.com
Stanton, James D Esq;2 Lighthouse Ave;2051-07-09;6011111111111117;952-479-2375;fsaylors@saylors.org
Grace Pastries Inc;38938 Park Blvd;1905-10-28;6011111111111117;617-997-5771;jina_briddick@briddick.com
Schroer, Gene E Esq;5 Tomahawk Dr;2146-06-04;3530111333300000;323-315-7314;kanisha_waycott@yahoo.com
Knights Inn;762 S Main St;2047-01-19;4111111111111111;608-658-7940;emerson.bowley@bowley.org
Bollinger Mach Shp & Shipyard;209 Decker Dr;1952-05-18;4111111111111111;215-794-4519;bmalet@yahoo.com
